Auspikitan Golden Falcons players,Minutes,Assists,Points,Shots Taken,Shots Made,Field Goal Percentage,Threes Taken,Threes Made,Free Throws Taken,Free Throws Made,Turnovers,Steals,Rebounds,Offensive Rebounds,Defensive Rebounds,Fouls,Opponent Shots Against,Opponent Shots Made,Opponent Shot Percent
Yadingallie,2233,277,919,863,455,52.72305909617613,0,0,24,9,86,30,917,286,631,212,731,294,40.21887824897401
Jesse McSteve,3395,566,1609,1440,742,51.52777777777777,163,46,25,22,97,33,979,311,668,159,1364,688,50.43988269794721
Sago Alodetsei,3145,1501,1516,1300,612,47.07692307692308,402,110,46,38,83,26,480,147,333,61,1253,708,56.504389465283325
Taneba Nole,3156,376,1685,1362,696,51.10132158590308,438,132,29,23,85,24,401,139,262,35,1232,628,50.97402597402597
Billingulbut,2951,583,1274,1113,524,47.079964061096135,376,106,20,13,85,31,432,144,288,63,1073,561,52.28331780055918
Aiuige Inekpid,31,1,6,13,3,23.076923076923077,0,0,0,0,0,1,7,3,4,1,8,5,62.5
Itausŋaŋufi Utipŋiqe,616,45,285,241,142,58.921161825726145,0,0,2,1,18,5,109,33,76,44,233,98,42.06008583690987
Kalani Thonemany,896,144,342,313,168,53.674121405750796,0,0,16,6,20,22,43,10,33,84,363,150,41.32231404958678
Kudapa Kolpauxso,4,0,5,6,2,33.33333333333333,3,1,0,0,1,0,1,0,1,0,1,0,0.0
Nasi Pindaiabu,1088,178,553,440,227,51.590909090909086,156,56,2,1,30,15,190,62,128,36,404,216,53.46534653465347
Pastek Tauaqa,2,0,0,1,0,0.0,0,0,0,0,0,0,1,0,1,0,0,0,0.0
Peika Baisoŋa,825,48,299,318,142,44.65408805031446,0,0,28,15,32,13,253,72,181,24,333,209,62.76276276276276
Qili Kedi,984,99,367,385,182,47.27272727272727,0,0,10,3,42,10,291,80,211,37,369,204,55.28455284552846
Tekle Doko,277,32,167,123,69,56.09756097560976,38,15,0,0,8,3,35,8,27,0,120,56,46.666666666666664
Tuk Kauqepei,610,98,289,236,116,49.152542372881356,74,21,5,5,15,7,56,15,41,13,252,118,46.82539682539682
Height Sagua Cats players,Minutes,Assists,Points,Shots Taken,Shots Made,Field Goal Percentage,Threes Taken,Threes Made,Free Throws Taken,Free Throws Made,Turnovers,Steals,Rebounds,Offensive Rebounds,Defensive Rebounds,Fouls,Opponent Shots Against,Opponent Shots Made,Opponent Shot Percent
Red Rainbow Player #3,3160,348,1027,1063,495,46.566321730950136,0,0,62,37,85,28,476,103,373,210,1204,587,48.754152823920265
Hvanne Takakazu,3120,511,1319,1301,655,50.34588777863183,0,0,14,9,110,23,657,197,460,50,1282,773,60.296411856474265
Height Sagua Player #3,3361,537,1466,1316,733,55.69908814589666,0,0,2,0,81,21,734,253,481,80,1380,768,55.65217391304348
San Holo,3508,590,1760,1325,727,54.867924528301884,425,156,5,5,102,51,319,74,245,105,1425,711,49.89473684210527
Laurence Chandler,3371,1406,1437,1354,715,52.806499261447556,0,0,8,7,102,39,595,209,386,44,1363,715,52.4578136463683
Alomale Atutralei,0,0,0,0,0,0.0,0,0,0,0,0,0,0,0,0,0,0,0,0.0
Height Sagua Player #11,495,80,237,200,117,58.5,0,0,4,3,17,4,97,41,56,5,219,106,48.401826484018265
Height Sagua Player #12,600,72,172,175,82,46.85714285714286,0,0,14,8,21,11,105,31,74,27,251,141,56.17529880478087
Height Sagua Player #2,177,26,90,70,39,55.714285714285715,20,9,0,0,2,2,24,8,16,1,60,29,48.333333333333336
Height Sagua Player #4,356,67,198,138,81,58.69565217391305,41,14,2,2,10,5,35,8,27,18,147,77,52.38095238095239
Height Sagua Player #6,179,34,93,82,37,45.1219512195122,32,12,0,0,4,2,30,10,20,4,67,31,46.26865671641791
Height Sagua Player #7,283,50,115,111,57,51.35135135135135,0,0,2,1,12,0,68,20,48,4,124,72,58.06451612903226
Height Sagua Player #9,179,29,84,82,42,51.21951219512195,0,0,0,0,8,2,18,7,11,11,79,32,40.50632911392405
Jumpe,923,112,421,374,207,55.3475935828877,0,0,12,7,32,4,217,75,142,21,388,213,54.89690721649485
Small Forward #152,502,90,221,206,88,42.71844660194174,55,15,14,13,17,0,65,17,48,19,215,100,46.51162790697674
Key to Don Yees players,Minutes,Assists,Points,Shots Taken,Shots Made,Field Goal Percentage,Threes Taken,Threes Made,Free Throws Taken,Free Throws Made,Turnovers,Steals,Rebounds,Offensive Rebounds,Defensive Rebounds,Fouls,Opponent Shots Against,Opponent Shots Made,Opponent Shot Percent
Key To Don Player #2,3376,521,1400,1332,680,51.051051051051054,0,0,78,40,98,31,636,147,489,53,1397,833,59.62777380100215
Kolpa Uxyakro,3533,283,1636,1412,813,57.577903682719544,0,0,12,10,127,28,981,341,640,120,1366,723,52.928257686676424
Key To Don Player #4,3549,1613,1793,1418,743,52.39774330042313,480,133,2,2,113,35,814,260,554,96,1393,754,54.12778176597271
Key To Don Player #3,3521,599,1567,1285,649,50.505836575875485,446,138,6,6,90,30,304,78,226,30,1425,801,56.21052631578948
Key To Don Player #1,3367,554,1770,1403,735,52.38774055595153,414,144,18,15,96,36,455,154,301,15,1284,711,55.373831775700936
Blalikki Tanpratia,222,13,85,84,39,46.42857142857143,7,2,1,0,11,4,30,12,18,10,81,40,49.382716049382715
Cabodu Kanix,341,64,154,126,63,50.0,44,17,0,0,9,4,41,13,28,2,144,86,59.72222222222222
Grant Pool,679,80,246,230,120,52.17391304347826,0,0,14,6,19,10,121,32,89,52,236,81,34.32203389830508
Key To Don Player #10,0,0,0,0,0,0.0,0,0,0,0,0,0,0,0,0,0,0,0,0.0
Key To Don Player #5,287,45,149,122,74,60.65573770491803,0,0,2,1,13,4,76,25,51,10,109,63,57.798165137614674
Key To Don Player #6,346,70,164,138,70,50.72463768115942,51,13,0,0,10,2,27,6,21,19,147,70,47.61904761904761
Key To Don Player #7,534,69,263,222,110,49.549549549549546,61,17,3,3,13,1,71,26,45,14,202,116,57.42574257425742
Key To Don Player #8,283,51,88,94,41,43.61702127659575,0,0,6,6,9,1,31,6,25,14,108,57,52.77777777777778
Key To Don Player #9,234,20,118,103,59,57.28155339805825,0,0,0,0,12,4,37,9,28,11,102,63,61.76470588235294
Kimo Rattanvongsa,0,0,0,0,0,0.0,0,0,0,0,0,0,0,0,0,0,0,0,0.0
Manwx Saguans players,Minutes,Assists,Points,Shots Taken,Shots Made,Field Goal Percentage,Threes Taken,Threes Made,Free Throws Taken,Free Throws Made,Turnovers,Steals,Rebounds,Offensive Rebounds,Defensive Rebounds,Fouls,Opponent Shots Against,Opponent Shots Made,Opponent Shot Percent
Himi Azumamaro,3260,475,1071,1160,505,43.53448275862069,0,0,164,61,107,56,1371,490,881,263,1028,430,41.82879377431907
Eipe Hawo,3513,549,1724,1545,859,55.59870550161812,0,0,8,6,115,36,1095,354,741,135,1356,740,54.572271386430685
Rusty Harries,3332,525,1676,1472,837,56.86141304347826,0,0,2,2,108,33,515,174,341,107,1271,659,51.84893784421715
Sitwa Luvepiri,2958,519,1470,1201,595,49.54204829308909,364,125,28,23,77,23,407,126,281,34,1187,650,54.759898904802014
Baker,3346,1569,1879,1426,786,55.11921458625526,463,165,0,0,99,35,468,155,313,51,1224,658,53.75816993464052
Charlie,735,136,273,283,122,43.109540636042404,0,0,54,29,16,14,49,7,42,24,318,181,56.91823899371069
Easy,552,33,282,234,118,50.427350427350426,76,26,0,0,27,3,115,28,87,34,217,109,50.23041474654379
Fox,761,140,197,241,95,39.41908713692946,0,0,14,7,21,17,203,61,142,66,240,80,33.33333333333333
George,0,0,0,0,0,0.0,0,0,0,0,0,0,0,0,0,0,0,0,0.0
Carlos Garber,1109,187,622,471,258,54.77707006369427,147,49,0,0,27,16,139,43,96,42,451,201,44.567627494456765
Item,0,0,0,0,0,0.0,0,0,0,0,0,0,0,0,0,0,0,0,0.0
King,46,10,10,12,5,41.66666666666667,0,0,0,0,1,1,12,5,7,4,17,9,52.94117647058824
Kiromi Kersidomobek,1,1,0,0,0,0.0,0,0,0,0,0,0,1,0,1,0,0,0,0.0
Sovlik Naxki,721,125,420,329,177,53.799392097264445,109,38,0,0,17,11,103,34,69,13,299,159,53.17725752508361
Pezi Vuki,0,0,0,0,0,0.0,0,0,0,0,0,0,0,0,0,0,0,0,0.0
Pxalit'k'a Pirates players,Minutes,Assists,Points,Shots Taken,Shots Made,Field Goal Percentage,Threes Taken,Threes Made,Free Throws Taken,Free Throws Made,Turnovers,Steals,Rebounds,Offensive Rebounds,Defensive Rebounds,Fouls,Opponent Shots Against,Opponent Shots Made,Opponent Shot Percent
Pxalit'k'a Player #3,3021,420,1099,1109,531,47.8809738503156,0,0,80,37,85,21,733,224,509,205,1153,593,51.431049436253254
Pxalit'k'a Player #6,3156,333,1365,1234,674,54.619124797406805,0,0,26,17,103,26,667,168,499,101,1319,746,56.55799848369977
Small Forward #143,3330,495,1537,1245,636,51.08433734939759,413,127,10,7,76,29,325,74,251,136,1425,781,54.80701754385965
Akamine Naizen,3365,501,1624,1297,679,52.35158057054742,408,141,12,11,98,34,370,122,248,100,1400,699,49.92857142857143
Venniti Flautika,3170,1392,1492,1166,624,53.516295025728986,367,117,0,0,85,26,350,94,256,68,1358,714,52.57731958762887
Pxalit'k'a Player #2,636,111,307,267,131,49.063670411985015,91,26,2,2,12,6,90,26,64,4,266,130,48.87218045112782
Pxalit'k'a Player #10,312,30,88,99,44,44.44444444444444,0,0,0,0,12,6,63,24,39,17,91,28,30.76923076923077
Pxalit'k'a Player #11,192,29,68,69,33,47.82608695652174,0,0,4,2,6,1,35,14,21,13,78,43,55.12820512820513
Pxalit'k'a Player #4,658,29,248,245,121,49.38775510204081,0,0,12,6,22,7,178,57,121,44,254,129,50.78740157480315
Pxalit'k'a Player #7,249,38,100,103,43,41.74757281553398,32,9,0,0,3,4,28,5,23,12,110,62,56.36363636363636
Pxalit'k'a Player #8,0,0,0,0,0,0.0,0,0,0,0,0,0,0,0,0,0,0,0,0.0
Pxalit'k'a Player #9,533,96,218,203,107,52.70935960591133,0,0,10,4,18,6,89,34,55,16,223,128,57.399103139013455
Swanano Nonhkwaqan,690,141,321,275,131,47.63636363636364,95,31,2,2,14,4,86,31,55,8,296,167,56.41891891891891
Tansov Liksov,722,87,261,285,113,39.64912280701755,0,0,52,35,25,16,178,61,117,84,256,100,39.0625
Uxnax Prokexov,240,36,122,88,61,69.31818181818183,0,0,0,0,11,2,64,27,37,14,99,43,43.43434343434344
Sagua Ocelots players,Minutes,Assists,Points,Shots Taken,Shots Made,Field Goal Percentage,Threes Taken,Threes Made,Free Throws Taken,Free Throws Made,Turnovers,Steals,Rebounds,Offensive Rebounds,Defensive Rebounds,Fouls,Opponent Shots Against,Opponent Shots Made,Opponent Shot Percent
Sagua Player #1,3290,243,1216,1281,600,46.8384074941452,0,0,26,16,80,43,575,117,458,251,999,403,40.34034034034034
Mawatari Kane,3614,401,1230,1319,556,42.15314632297195,0,0,208,118,134,32,1392,438,954,87,1445,852,58.96193771626298
Sagua Player #4,2867,337,1482,1327,633,47.70158251695554,419,112,2,2,89,24,662,210,452,138,1061,538,50.70688030160226
Sagua Player #2,3132,1378,1445,1314,580,44.1400304414003,455,127,50,43,100,26,534,146,388,79,1217,631,51.848808545603944
Keahi Siyavong,3196,504,1666,1333,699,52.43810952738185,424,131,7,6,99,29,518,143,375,29,1257,653,51.949085123309466
Biplatza Bitsekzeba,465,49,182,219,79,36.07305936073059,0,0,34,24,15,2,170,46,124,10,194,105,54.123711340206185
Biplatza Ifet,354,60,124,140,61,43.57142857142857,0,0,2,2,17,6,119,42,77,25,103,40,38.83495145631068
Holy Yektonesia Player #5,479,84,214,195,80,41.02564102564102,86,23,11,9,11,2,79,15,64,16,171,87,50.877192982456144
Neville Spicer,1212,233,636,552,252,45.65217391304348,165,60,24,23,26,7,113,30,83,35,483,270,55.90062111801242
Sagua Player #10,435,20,82,113,33,29.20353982300885,0,0,34,16,18,3,105,25,80,8,209,115,55.02392344497608
Sagua Player #11,47,5,5,9,2,22.22222222222222,4,0,0,0,1,1,6,1,5,0,18,13,72.22222222222221
Sagua Player #3,0,0,0,0,0,0.0,0,0,0,0,0,0,0,0,0,0,0,0,0.0
Sagua Player #6,404,59,228,191,92,48.167539267015705,67,18,7,7,12,3,55,12,43,7,151,86,56.95364238410596
Sagua Player #9,899,142,411,390,191,48.97435897435897,56,11,6,4,22,12,113,37,76,29,388,194,50.0
Serkr Atolls players,Minutes,Assists,Points,Shots Taken,Shots Made,Field Goal Percentage,Threes Taken,Threes Made,Free Throws Taken,Free Throws Made,Turnovers,Steals,Rebounds,Offensive Rebounds,Defensive Rebounds,Fouls,Opponent Shots Against,Opponent Shots Made,Opponent Shot Percent
Vrá Nonhkwaqan,3227,482,1118,1100,542,49.27272727272727,0,0,52,34,78,42,421,98,323,279,1232,454,36.85064935064935
Moke Douangvily,2955,508,1346,1116,575,51.52329749103942,346,112,0,0,59,25,195,16,179,215,1233,622,50.44606650446066
Klaxon Nixoka,3206,1395,1431,1180,715,60.59322033898306,0,0,2,1,111,36,1069,444,625,165,1394,673,48.27833572453372
Danomobei Motxev,2932,436,1376,1091,573,52.52062328139322,365,121,2,2,73,34,328,115,213,76,1207,634,52.52692626346314
Transhilmalia Player #2,3488,530,1618,1316,667,50.6838905775076,418,146,8,7,100,33,445,173,272,52,1476,814,55.1490514905149
Able,484,71,177,176,84,47.72727272727273,0,0,20,9,13,4,107,37,70,32,201,106,52.736318407960205
Hoeki Ulepa,0,0,0,0,0,0.0,0,0,0,0,0,0,0,0,0,0,0,0,0.0
Niko Stengel,1096,171,576,443,241,54.401805869074494,132,43,0,0,21,10,115,34,81,33,464,244,52.58620689655172
K'ita Senako,803,126,417,319,203,63.63636363636363,0,0,12,11,19,8,139,53,86,28,397,218,54.91183879093199
Nupa Auprat,2,0,4,2,2,100.0,0,0,0,0,0,0,0,0,0,0,1,1,100.0
Pergo Elomosei,21,3,12,12,6,50.0,0,0,0,0,1,0,4,3,1,2,11,1,9.090909090909092
pekleɰ tiwan,310,43,150,128,64,50.0,33,9,0,0,9,2,33,13,20,6,109,61,55.96330275229357
Om "Joakim" Kwang-Jo,320,67,166,134,83,61.940298507462686,0,0,0,0,5,4,79,22,57,5,124,65,52.41935483870967
Dimitri Ebron,1076,162,486,408,243,59.55882352941176,0,0,2,0,26,8,219,86,133,42,449,242,53.89755011135857
Zaxox Pasovya,232,29,77,67,31,46.26865671641791,25,7,1,1,6,2,35,13,22,3,94,41,43.61702127659575
Solea Geysers players,Minutes,Assists,Points,Shots Taken,Shots Made,Field Goal Percentage,Threes Taken,Threes Made,Free Throws Taken,Free Throws Made,Turnovers,Steals,Rebounds,Offensive Rebounds,Defensive Rebounds,Fouls,Opponent Shots Against,Opponent Shots Made,Opponent Shot Percent
Its'a Lełqutyi,3174,815,1577,1245,670,53.81526104417671,370,127,4,4,76,35,322,103,219,73,1360,673,49.48529411764706
Vrá Nonhkwaqan,822,155,308,295,153,51.864406779661024,0,0,2,2,19,24,150,44,106,106,307,99,32.24755700325733
Uelv Lganne,2968,1249,1355,1107,674,60.88527551942185,0,0,10,7,62,36,126,34,92,114,1308,663,50.68807339449541
Dimitri Ebron,840,127,476,380,237,62.36842105263158,0,0,4,2,28,13,164,59,105,49,374,222,59.35828877005348
Sova Kłó,881,133,464,366,193,52.732240437158474,99,32,2,2,19,11,145,51,94,38,381,171,44.881889763779526
Namia Akaleta,434,74,222,156,93,59.61538461538461,53,20,0,0,10,5,45,13,32,15,182,85,46.7032967032967
pazek lutep kaghišek,0,0,0,0,0,0.0,0,0,0,0,0,0,0,0,0,0,0,0,0.0
Msenne Prai,3201,427,1400,1230,700,56.91056910569105,0,0,0,0,96,49,990,437,553,239,1225,522,42.61224489795919
Aseqa Poi,1087,184,607,447,259,57.94183445190156,135,53,0,0,24,8,138,51,87,66,467,213,45.610278372591004
Makiaipisi Fana,3377,622,1728,1295,726,56.06177606177606,388,138,4,4,102,41,424,162,262,97,1386,714,51.515151515151516
Eric Newton,2808,405,1159,1025,574,56.00000000000001,0,0,26,11,92,36,1143,483,660,216,959,391,40.77163712200208
Ixbla Kibla,244,50,127,100,53,53.0,24,4,2,2,7,4,48,14,34,7,82,43,52.4390243902439
Malo Sengtavisouk,424,93,153,143,71,49.65034965034965,0,0,20,11,9,3,81,25,56,35,164,80,48.78048780487805
Mávlika Vósnakniñqávla,13,1,12,7,6,85.71428571428571,0,0,0,0,2,0,4,1,3,1,9,5,55.55555555555556
Kibibei Alodosulomundi,0,0,0,0,0,0.0,0,0,0,0,0,0,0,0,0,0,0,0,0.0
Autolik Autonomy players,Minutes,Assists,Points,Shots Taken,Shots Made,Field Goal Percentage,Threes Taken,Threes Made,Free Throws Taken,Free Throws Made,Turnovers,Steals,Rebounds,Offensive Rebounds,Defensive Rebounds,Fouls,Opponent Shots Against,Opponent Shots Made,Opponent Shot Percent
Boolway,3043,313,826,1010,366,36.23762376237624,0,0,246,94,114,29,902,250,652,230,1035,472,45.60386473429951
Autolik Player #1,3378,396,1232,1258,604,48.012718600953896,0,0,52,24,99,22,550,133,417,141,1341,686,51.1558538404176
Autolik Player #4,3159,257,1253,1285,610,47.47081712062256,0,0,86,33,128,17,903,272,631,94,1267,685,54.064719810576165
Keoki Vongsay,3206,1417,1552,1342,627,46.72131147540984,442,137,39,29,94,27,463,153,310,60,1310,665,50.76335877862596
enoikh apéka zeilun,3378,624,1806,1440,748,51.94444444444445,465,153,1,1,113,33,525,185,340,55,1369,712,52.008765522279035
Autolik Player #10,428,34,220,175,89,50.857142857142854,69,23,3,3,23,3,81,35,46,2,188,115,61.170212765957444
Autolik Player #11,9,1,8,8,4,50.0,0,0,0,0,1,0,4,0,4,0,4,2,50.0
Autolik Player #3,331,56,148,123,74,60.16260162601627,0,0,6,0,11,4,56,16,40,8,118,61,51.69491525423729
Autolik Player #5,627,73,227,246,99,40.243902439024396,0,0,62,29,16,9,128,33,95,30,237,105,44.303797468354425
Autolik Player #7,432,22,211,202,102,50.495049504950494,0,0,14,7,20,4,94,29,65,38,157,67,42.675159235668794
Autolik Player #8,0,0,0,0,0,0.0,0,0,0,0,0,0,0,0,0,0,0,0,0.0
Greg Kershaw,515,44,220,219,110,50.2283105022831,0,0,0,0,17,3,56,15,41,12,193,97,50.259067357512954
Kamil Harris,394,78,149,148,72,48.64864864864865,0,0,6,5,16,5,91,31,60,7,159,91,57.23270440251572
Mornay,897,127,432,372,167,44.89247311827957,132,40,28,27,22,3,185,63,122,26,350,168,48.0
William Fudge,715,59,311,326,135,41.41104294478527,0,0,68,41,35,3,190,67,123,44,268,138,51.49253731343284
Barsein Bats players,Minutes,Assists,Points,Shots Taken,Shots Made,Field Goal Percentage,Threes Taken,Threes Made,Free Throws Taken,Free Throws Made,Turnovers,Steals,Rebounds,Offensive Rebounds,Defensive Rebounds,Fouls,Opponent Shots Against,Opponent Shots Made,Opponent Shot Percent
Keon Saengsavang,3128,181,1007,1084,480,44.28044280442804,0,0,112,47,145,25,1545,500,1045,98,1188,652,54.882154882154886
Keahi Saengsavang,3112,488,1523,1372,756,55.10204081632652,0,0,26,11,84,22,627,162,465,145,1191,612,51.385390428211586
Matthew Grabochov,3237,1178,1591,1431,663,46.331236897274636,441,118,29,26,103,32,409,123,286,148,1248,651,52.16346153846154
Barsein Player #1,3153,847,1142,1172,550,46.92832764505119,0,0,60,42,82,27,500,159,341,63,1183,611,51.64835164835166
Barsein Player #2,3574,541,1943,1557,802,51.50931278098908,461,141,20,15,99,35,449,117,332,30,1388,765,55.11527377521613
Barsein Player #3,916,98,406,394,199,50.50761421319797,0,0,16,8,23,8,159,37,122,43,332,160,48.19277108433735
Barsein Player #4,468,43,168,176,83,47.159090909090914,0,0,4,2,16,3,136,51,85,29,186,91,48.924731182795696
Barsein Player #5,446,72,149,177,61,34.463276836158194,0,0,46,27,15,3,115,32,83,13,198,120,60.60606060606061
Barsein Player #6,14,2,8,6,4,66.66666666666666,0,0,0,0,2,0,6,1,5,1,4,2,50.0
Barsein Player #7,449,28,208,195,71,36.41025641025641,58,16,38,31,16,3,75,24,51,10,156,79,50.641025641025635
Barsein Player #8,221,26,117,99,48,48.484848484848484,25,7,4,4,5,3,15,4,11,3,96,52,54.166666666666664
Danomobei Subeina,247,45,112,95,44,46.31578947368421,36,13,6,5,6,2,42,17,25,7,81,29,35.80246913580247
Dimitri Lolant,0,0,0,0,0,0.0,0,0,0,0,0,0,0,0,0,0,0,0,0.0
Om Kwang-Seok,357,48,152,138,65,47.10144927536232,42,13,2,2,3,6,48,20,28,14,134,57,42.53731343283582
Yuguchi Tomiji,890,159,442,371,204,54.98652291105122,46,14,0,0,26,6,123,35,88,23,360,174,48.333333333333336
Blanaxon Hammers players,Minutes,Assists,Points,Shots Taken,Shots Made,Field Goal Percentage,Threes Taken,Threes Made,Free Throws Taken,Free Throws Made,Turnovers,Steals,Rebounds,Offensive Rebounds,Defensive Rebounds,Fouls,Opponent Shots Against,Opponent Shots Made,Opponent Shot Percent
Blanaxon Player #1,3529,538,1190,1226,567,46.247960848287114,0,0,114,56,98,25,809,275,534,146,1427,760,53.258584442887184
Blanaxon Player #3,3152,241,1447,1227,594,48.41075794621027,407,121,16,11,123,16,1195,390,805,113,1317,686,52.088078967350036
Blanaxon Player #5,3103,1379,1531,1299,710,54.65742879137798,152,51,12,11,65,39,111,12,99,144,1233,585,47.44525547445255
Edgar Fichtner,3592,479,1838,1446,770,53.250345781466116,479,145,1,1,104,32,566,207,359,41,1509,809,53.61166335321405
Blanaxon Player #4,3191,629,1563,1213,647,53.33882934872217,363,131,3,3,70,35,304,82,222,19,1336,743,55.613772455089816
Blanaxon Player #10,435,88,232,165,98,59.3939393939394,55,22,0,0,19,2,65,21,44,8,161,86,53.41614906832298
Blanaxon Player #11,952,173,513,410,255,62.19512195121951,0,0,4,3,24,12,94,27,67,37,355,179,50.42253521126761
Blanaxon Player #6,463,67,283,210,118,56.19047619047619,66,28,1,1,12,8,73,22,51,14,191,97,50.78534031413613
Blanaxon Player #7,429,78,226,186,103,55.376344086021504,22,8,4,3,9,6,57,16,41,5,186,96,51.61290322580645
Blanaxon Player #8,307,46,101,97,50,51.546391752577314,0,0,10,1,15,12,54,14,40,33,84,27,32.142857142857146
Blanaxon Player #9,462,77,210,178,105,58.98876404494382,0,0,0,0,11,0,132,49,83,23,154,76,49.35064935064935
Ek Hersa,1,0,2,1,1,100.0,0,0,0,0,0,0,0,0,0,0,2,0,0.0
Iggy Bolter,440,80,157,144,78,54.166666666666664,0,0,2,1,11,3,129,59,70,23,182,80,43.956043956043956
LeBroccoli James,0,0,0,0,0,0.0,0,0,0,0,0,0,0,0,0,0,0,0,0.0
Mungymia,217,36,75,77,30,38.961038961038966,0,0,26,15,2,2,54,15,39,7,66,26,39.39393939393939
Calto Cows players,Minutes,Assists,Points,Shots Taken,Shots Made,Field Goal Percentage,Threes Taken,Threes Made,Free Throws Taken,Free Throws Made,Turnovers,Steals,Rebounds,Offensive Rebounds,Defensive Rebounds,Fouls,Opponent Shots Against,Opponent Shots Made,Opponent Shot Percent
Alukeili Asoertotrisei,3063,506,1328,1244,658,52.89389067524116,0,0,20,12,86,32,1259,445,814,190,1163,548,47.119518486672405
Trevor Oosterhout,1833,281,794,718,397,55.29247910863509,0,0,0,0,64,17,343,110,233,91,729,387,53.086419753086425
Asher Turner,3016,510,1353,1228,670,54.56026058631922,0,0,18,13,95,28,511,184,327,159,1135,506,44.58149779735683
Selby Schneiders,2954,390,1430,1126,593,52.664298401420965,366,112,3,3,72,34,333,100,233,48,1207,596,49.378624689312346
Michael Barnett,3326,1621,1670,1315,701,53.30798479087453,380,133,6,6,88,29,475,159,316,65,1343,710,52.86671630677587
Timblejoornay,415,58,194,181,95,52.48618784530387,0,0,14,4,17,6,164,60,104,34,124,51,41.12903225806452
Chip Hancock,564,50,178,206,86,41.74757281553398,0,0,12,6,12,5,167,64,103,58,207,69,33.33333333333333
Andries Martinez,1051,117,418,394,208,52.79187817258884,0,0,4,2,30,11,228,80,148,68,411,201,48.9051094890511
Uozumi Izo,1159,195,530,494,262,53.036437246963565,0,0,8,6,34,8,273,102,171,20,461,268,58.13449023861171
Dalton Ariesen,988,155,517,411,211,51.338199513382,113,39,9,9,39,14,116,36,80,70,409,194,47.43276283618582
guz,38,9,24,20,12,60.0,0,0,0,0,1,0,7,3,4,4,18,11,61.111111111111114
Halsten Jöran,0,0,0,0,0,0.0,0,0,0,0,0,0,0,0,0,0,0,0,0.0
Yuguchi Sofu,1089,175,555,418,232,55.50239234449761,114,36,0,0,23,14,97,26,71,12,445,237,53.25842696629214
Iora Dani,306,52,130,124,63,50.806451612903224,5,1,0,0,8,0,22,5,17,1,135,64,47.40740740740741
Sachie Snijder,410,64,228,182,95,52.197802197802204,65,20,0,0,12,2,72,24,48,6,195,114,58.46153846153847
Naxda Nomads players,Minutes,Assists,Points,Shots Taken,Shots Made,Field Goal Percentage,Threes Taken,Threes Made,Free Throws Taken,Free Throws Made,Turnovers,Steals,Rebounds,Offensive Rebounds,Defensive Rebounds,Fouls,Opponent Shots Against,Opponent Shots Made,Opponent Shot Percent
Height Sagua Player #5,3053,284,1003,1093,481,44.00731930466606,0,0,94,41,132,23,1155,383,772,129,1182,637,53.8917089678511
Pitro Tenopro,3537,497,1621,1499,803,53.569046030687126,0,0,26,15,99,39,845,267,578,133,1363,745,54.658840792369766
Klaxon Nixoka,3245,720,1649,1403,824,58.73129009265858,0,0,2,1,99,29,864,311,553,155,1270,598,47.08661417322835
Tixen Prokol,3130,435,1636,1266,672,53.08056872037915,392,137,16,16,87,22,286,82,204,73,1251,671,53.637090327737816
Alomundi Gagolomundi,2944,1422,1532,1239,651,52.54237288135594,350,104,4,4,73,18,340,93,247,24,1134,584,51.49911816578483
app,0,0,0,0,0,0.0,0,0,0,0,0,0,0,0,0,0,0,0,0.0
Blaxia Zadabro,376,61,198,156,99,63.46153846153846,0,0,0,0,8,1,35,9,26,3,155,98,63.2258064516129
Darkon Piklo,913,146,372,314,135,42.99363057324841,118,38,41,34,26,9,94,27,67,25,338,175,51.77514792899408
Günther Schuttler,0,0,0,0,0,0.0,0,0,0,0,0,0,0,0,0,0,0,0,0.0
Klopar Pobro,990,61,357,377,168,44.56233421750663,0,0,52,21,36,13,256,80,176,39,370,208,56.21621621621622
Lizaxon Rova,1099,191,583,427,241,56.440281030444964,134,44,3,3,28,13,110,23,87,14,414,215,51.93236714975845
Nadaklo Praxo,422,67,261,218,130,59.63302752293578,0,0,2,1,11,8,48,17,31,29,165,71,43.03030303030303
Power Forward #164,235,32,99,86,48,55.81395348837209,0,0,6,3,8,3,38,12,26,9,114,58,50.877192982456144
Prokavexa Nexium,0,0,0,0,0,0.0,0,0,0,0,0,0,0,0,0,0,0,0,0.0
Rizaxon Klegna,271,42,94,96,44,45.83333333333333,0,0,14,6,10,5,58,18,40,6,95,65,68.42105263157895
Red Rainbow Sickles players,Minutes,Assists,Points,Shots Taken,Shots Made,Field Goal Percentage,Threes Taken,Threes Made,Free Throws Taken,Free Throws Made,Turnovers,Steals,Rebounds,Offensive Rebounds,Defensive Rebounds,Fouls,Opponent Shots Against,Opponent Shots Made,Opponent Shot Percent
Caleb Jervis,2886,442,1219,1152,597,51.822916666666664,0,0,36,25,84,21,571,168,403,169,1086,523,48.15837937384899
Yombeen,3572,568,1654,1476,827,56.02981029810298,0,0,0,0,105,28,813,264,549,94,1447,817,56.46164478230823
Red Rainbow Player #1,3572,690,1590,1505,790,52.49169435215947,0,0,10,10,126,32,1060,387,673,77,1422,821,57.735583684950775
Palani Phomsouvanh,3173,515,1522,1251,638,50.99920063948841,404,140,5,4,95,21,335,87,248,36,1239,646,52.13882163034705
Red Rainbow Player #2,3583,1446,1703,1341,695,51.826994780014914,480,169,6,5,95,32,477,158,319,61,1401,717,51.17773019271949
Atotra Danomane,240,41,118,84,49,58.333333333333336,29,10,0,0,4,0,15,3,12,3,101,52,51.48514851485149
Ijba Gibuni,644,110,286,257,143,55.6420233463035,0,0,0,0,14,6,122,36,86,11,247,146,59.10931174089069
Quartermarra,210,32,91,76,37,48.68421052631579,27,12,0,0,5,2,19,6,13,3,82,42,51.21951219512195
Red Rainbow Player #10,0,0,0,0,0,0.0,0,0,0,0,0,0,0,0,0,0,0,0,0.0
Red Rainbow Player #12,519,31,152,167,62,37.12574850299401,0,0,44,28,13,8,93,18,75,34,189,86,45.5026455026455
Red Rainbow Player #4,483,18,198,191,99,51.832460732984295,0,0,0,0,17,5,87,26,61,27,223,111,49.775784753363226
Red Rainbow Player #6,882,160,443,368,192,52.17391304347826,91,25,0,0,22,7,149,64,85,5,344,182,52.90697674418605
Red Rainbow Player #7,5,2,0,1,0,0.0,0,0,0,0,0,1,1,0,1,1,4,2,50.0
Red Rainbow Player #8,483,96,202,161,101,62.732919254658384,0,0,0,0,12,4,31,6,25,4,234,135,57.692307692307686
Red Rainbow Player #9,21,2,14,11,7,63.63636363636363,0,0,0,0,2,0,5,2,3,0,11,5,45.45454545454545
Shmupland Dictators players,Minutes,Assists,Points,Shots Taken,Shots Made,Field Goal Percentage,Threes Taken,Threes Made,Free Throws Taken,Free Throws Made,Turnovers,Steals,Rebounds,Offensive Rebounds,Defensive Rebounds,Fouls,Opponent Shots Against,Opponent Shots Made,Opponent Shot Percent
Seong-Su Gang,2798,260,1224,1160,605,52.1551724137931,0,0,24,14,106,36,1727,651,1076,221,893,374,41.881298992161256
Zax Kaxpa,3036,452,1301,1253,641,51.15722266560255,0,0,34,19,100,25,803,258,545,144,1155,599,51.86147186147186
Eun Cho,2621,1289,1243,1049,508,48.42707340324118,323,102,27,21,74,23,257,62,195,76,1031,539,52.27934044616877
Seong-Hyeon Moon,3111,435,1567,1294,643,49.69088098918083,418,122,20,13,100,22,483,151,332,62,1264,627,49.60443037974683
Billingulbut,3087,715,1735,1339,718,53.62210604929052,441,157,4,4,73,31,314,87,227,79,1123,555,49.42119323241318
Carlos Garber,327,48,167,149,70,46.97986577181208,36,7,0,0,14,3,47,15,32,6,120,59,49.166666666666664
Fletcher Templeton,310,53,152,126,76,60.317460317460316,0,0,0,0,12,2,40,9,31,4,109,61,55.96330275229357
Ji Gim,798,194,241,263,110,41.825095057034225,0,0,34,21,26,9,164,65,99,37,306,137,44.771241830065364
Ji-Min Choi,633,133,323,270,132,48.888888888888886,91,30,9,9,28,5,82,32,50,10,235,137,58.29787234042553
Joon-Ho Jo,1222,169,543,500,270,54.0,0,0,10,3,42,15,270,65,205,26,499,292,58.517034068136276
Jung-Hee Kim,593,116,223,231,108,46.75324675324675,0,0,10,7,10,2,76,28,48,14,238,116,48.739495798319325
Malo Sayasone,612,151,310,240,117,48.75,98,34,22,17,12,2,62,14,48,11,239,136,56.903765690376574
Su-Bin Lee,11,3,4,5,2,40.0,0,0,0,0,0,0,3,1,2,0,5,0,0.0
Sung-Soo Song,994,44,451,426,224,52.58215962441315,0,0,6,3,33,6,228,78,150,49,401,206,51.3715710723192
Woo-Jin Cho,1,0,0,0,0,0.0,0,0,0,0,0,0,0,0,0,0,1,0,0.0
Stedro Boulders players,Minutes,Assists,Points,Shots Taken,Shots Made,Field Goal Percentage,Threes Taken,Threes Made,Free Throws Taken,Free Throws Made,Turnovers,Steals,Rebounds,Offensive Rebounds,Defensive Rebounds,Fouls,Opponent Shots Against,Opponent Shots Made,Opponent Shot Percent
Mabebosei Alotro,2842,305,872,989,420,42.46713852376138,0,0,68,32,97,25,575,143,432,186,1116,555,49.73118279569893
eneŋ zekek zeilunaven,3498,386,1134,1202,545,45.341098169717135,0,0,74,44,132,28,684,189,495,119,1337,709,53.029169783096485
Okaget Mabipet,3300,1481,1662,1434,817,56.97350069735007,0,0,34,28,117,25,990,330,660,110,1228,615,50.0814332247557
Danomobei Motxev,2930,380,1651,1277,678,53.09318715740016,383,137,17,14,86,33,329,86,243,73,1100,558,50.727272727272734
Yasutake Yasuoka,3144,481,1631,1294,679,52.47295208655333,395,117,11,6,89,28,587,210,377,36,1240,638,51.45161290322581
Dominic Murtagh,0,0,0,0,0,0.0,0,0,0,0,0,0,0,0,0,0,0,0,0.0
Atiga Porle,559,51,146,190,72,37.89473684210527,0,0,10,2,14,9,98,32,66,42,230,109,47.391304347826086
Blanaxon Player #2,344,73,147,130,62,47.69230769230769,40,14,4,2,7,2,49,23,26,7,161,96,59.62732919254658
Danonbagimobesa Asi,667,103,344,301,160,53.156146179402,32,8,0,0,24,3,116,39,77,1,305,166,54.42622950819672
Kudapa Naix,557,103,214,200,105,52.5,0,0,4,4,16,5,129,37,92,30,224,121,54.01785714285714
Mabebesa Imbiedopei,653,27,253,249,123,49.39759036144578,0,0,16,7,18,6,147,46,101,29,266,157,59.02255639097744
Omumesomobesa Lemrombatdesi,907,184,354,310,135,43.54838709677419,122,36,26,20,27,6,75,17,58,11,376,180,47.87234042553192
Sagolegotosiei Sagotxile,410,67,259,202,105,51.98019801980198,68,24,6,5,12,3,32,9,23,14,188,113,60.1063829787234
Veno Kibiget,458,74,238,199,101,50.753768844221106,65,22,0,0,11,4,80,30,50,5,183,101,55.19125683060109
Xigasiei Atusin,3,1,6,3,3,100.0,0,0,0,0,0,0,0,0,0,0,1,1,100.0
Ávura Aviators players,Minutes,Assists,Points,Shots Taken,Shots Made,Field Goal Percentage,Threes Taken,Threes Made,Free Throws Taken,Free Throws Made,Turnovers,Steals,Rebounds,Offensive Rebounds,Defensive Rebounds,Fouls,Opponent Shots Against,Opponent Shots Made,Opponent Shot Percent
Pixtij Lekaxo,2869,268,1241,1108,610,55.054151624548744,0,0,52,21,94,28,820,266,554,207,1028,511,49.708171206225686
Tibiziŋag Ifet,3291,391,1415,1265,699,55.25691699604744,0,0,24,17,105,37,832,263,569,174,1334,704,52.7736131934033
Sichaizei Sha,3292,1191,1248,1224,606,49.50980392156863,0,0,64,36,94,52,466,158,308,225,1254,570,45.45454545454545
Floenne Zan,2715,852,1385,1067,570,53.42080599812559,354,129,8,7,71,32,397,128,269,35,1144,597,52.18531468531469
Levnit Lrize,3131,650,1634,1289,685,53.141970519782774,389,136,0,0,87,31,497,192,305,67,1211,634,52.353426919900905
Fihano Fem,1099,160,540,462,270,58.44155844155844,0,0,0,0,31,15,109,29,80,8,494,260,52.63157894736842
Ijba Bexotrugo,634,124,243,235,115,48.93617021276596,0,0,16,13,13,5,65,15,50,29,288,156,54.166666666666664
Itso Bigo,279,48,175,133,74,55.639097744360896,36,9,0,0,10,3,51,17,34,7,116,56,48.275862068965516
Kelii Sisoulith,360,51,171,144,73,50.69444444444444,46,14,2,2,11,2,79,23,56,4,179,114,63.687150837988824
Ruul Rzit,512,80,239,194,97,50.0,71,24,1,1,14,2,50,11,39,11,213,99,46.478873239436616
Sael Yen,11,2,2,3,1,33.33333333333333,0,0,0,0,0,0,3,2,1,1,6,4,66.66666666666666
Sagobesei Alote,627,68,239,238,110,46.21848739495798,0,0,42,19,23,7,167,54,113,42,199,84,42.211055276381906
Siolle Lago,474,76,250,188,102,54.25531914893617,52,18,3,3,17,5,55,21,34,5,194,111,57.21649484536082
Sundaa Wen,393,34,227,170,92,54.11764705882353,58,28,2,2,20,5,116,41,75,17,156,89,57.05128205128205
Trezent Rogu,585,63,252,260,123,47.30769230769231,0,0,14,6,21,6,176,62,114,49,212,89,41.9811320754717
Aiyota Pumps players,Minutes,Assists,Points,Shots Taken,Shots Made,Field Goal Percentage,Threes Taken,Threes Made,Free Throws Taken,Free Throws Made,Turnovers,Steals,Rebounds,Offensive Rebounds,Defensive Rebounds,Fouls,Opponent Shots Against,Opponent Shots Made,Opponent Shot Percent
Kardo Cows,2991,450,1424,1254,700,55.8213716108453,0,0,50,24,78,41,622,197,425,246,1028,388,37.7431906614786
Hevek Gagomos,3191,1301,1110,1153,546,47.35472679965308,0,0,34,18,121,31,1264,466,798,209,1235,559,45.26315789473684
Aiyota Player #5,3470,513,1683,1354,687,50.73855243722304,433,142,21,16,97,30,486,168,318,170,1423,704,49.47294448348559
Aiyota Player #3,3133,538,1311,1195,607,50.79497907949791,140,41,26,13,92,27,417,137,280,65,1343,677,50.40953090096798
Aiyota Player #2,3544,750,1735,1394,710,50.9325681492109,452,165,21,17,92,30,469,166,303,78,1447,739,51.07118175535591
Aiyota Player #1,971,50,514,438,256,58.44748858447488,0,0,10,2,29,10,233,83,150,68,366,156,42.62295081967213
Aiyota Player #10,366,15,155,139,76,54.67625899280576,0,0,4,3,7,2,87,36,51,12,188,118,62.76595744680851
Aiyota Player #12,450,66,207,167,84,50.29940119760479,45,12,3,3,11,3,45,11,34,0,188,119,63.297872340425535
Aiyota Player #4,438,25,180,160,90,56.25,0,0,0,0,9,5,100,38,62,24,161,92,57.14285714285714
Aiyota Player #6,256,42,119,92,50,54.347826086956516,22,8,0,0,5,4,12,0,12,3,115,69,60.0
Aiyota Player #7,499,78,223,203,91,44.827586206896555,78,17,0,0,14,3,39,8,31,20,191,95,49.73821989528796
Aiyota Player #8,80,11,42,38,21,55.26315789473685,0,0,0,0,2,1,14,4,10,2,30,18,60.0
Aiyota Player #9,460,71,230,161,94,58.38509316770186,47,22,0,0,14,5,40,17,23,13,198,99,50.0
Amari Yakumo,47,10,16,21,8,38.095238095238095,0,0,0,0,2,0,8,2,6,2,26,13,50.0
Small Forward #159,316,59,138,135,69,51.11111111111111,0,0,0,0,11,4,79,28,51,12,142,62,43.66197183098591
Boltway Bad Dragons players,Minutes,Assists,Points,Shots Taken,Shots Made,Field Goal Percentage,Threes Taken,Threes Made,Free Throws Taken,Free Throws Made,Turnovers,Steals,Rebounds,Offensive Rebounds,Defensive Rebounds,Fouls,Opponent Shots Against,Opponent Shots Made,Opponent Shot Percent
Boltway Player #1,3486,338,1026,1146,449,39.179755671902264,0,0,264,128,110,23,1278,363,915,166,1406,744,52.91607396870555
Wilbert Fudge,3383,312,1479,1309,737,56.30252100840336,0,0,14,5,78,34,348,55,293,77,1438,833,57.92767732962448
Boltway Player #2,3428,670,1430,1291,582,45.081332300542215,428,112,66,55,90,30,329,87,242,194,1433,662,46.19678995115143
Boltway Player #3,2944,292,1620,1239,676,54.56012913640033,379,120,2,1,93,25,329,115,214,77,1187,592,49.87363100252738
Xolin Hialerko,1629,792,688,595,269,45.21008403361345,189,61,27,24,45,23,228,84,144,38,655,331,50.53435114503817
Nio Oipa,289,49,135,121,55,45.45454545454545,40,14,0,0,10,2,39,14,25,12,121,59,48.760330578512395
Boltway Player #5,622,64,219,233,88,37.76824034334764,0,0,52,43,16,7,32,4,28,22,260,146,56.15384615384615
Boltway Player #6,1359,284,604,501,244,48.70259481037924,176,58,6,4,40,4,175,48,127,15,549,301,54.826958105646625
Boltway Player #8,834,102,450,367,187,50.95367847411444,111,40,1,1,18,11,124,41,83,19,320,151,47.1875
Boltway Player #9,123,2,49,55,24,43.63636363636363,0,0,2,1,7,0,25,7,18,7,49,29,59.183673469387756
First Last,457,74,135,157,52,33.12101910828025,0,0,58,31,14,4,118,39,79,32,177,82,46.32768361581921
kalassak vekel álutep,124,3,68,55,34,61.81818181818181,0,0,0,0,8,1,44,21,23,5,58,35,60.3448275862069
Konrad Waldstein,561,45,214,205,101,49.26829268292683,0,0,20,12,18,2,115,39,76,34,234,131,55.98290598290598
Volker Kluck,16,2,2,3,1,33.33333333333333,2,0,0,0,0,0,1,1,0,5,12,5,41.66666666666667
vun,1078,393,571,436,229,52.522935779816514,149,51,8,8,22,6,136,43,93,12,474,259,54.641350210970465
Czalliso Pythons players,Minutes,Assists,Points,Shots Taken,Shots Made,Field Goal Percentage,Threes Taken,Threes Made,Free Throws Taken,Free Throws Made,Turnovers,Steals,Rebounds,Offensive Rebounds,Defensive Rebounds,Fouls,Opponent Shots Against,Opponent Shots Made,Opponent Shot Percent
Sagolnasei Korsobo,2770,285,961,958,471,49.16492693110647,0,0,50,19,90,39,1015,380,635,238,979,366,37.38508682328907
tag,2868,472,1173,1056,577,54.640151515151516,0,0,34,19,90,38,841,322,519,207,1062,480,45.19774011299435
war,3361,1297,1536,1313,768,58.49200304645849,0,0,0,0,89,30,275,79,196,143,1518,785,51.71277997364954
mu,3344,491,1753,1378,728,52.83018867924528,414,166,16,13,91,26,314,92,222,85,1405,740,52.66903914590747
Naxto Lizaxium,3310,817,1632,1269,680,53.585500394011035,408,137,0,0,74,37,383,115,268,118,1362,634,46.54919236417034
fal,734,110,256,287,121,42.1602787456446,0,0,32,14,27,11,200,64,136,60,310,156,50.32258064516129
bon,745,141,326,264,127,48.10606060606061,101,35,11,7,18,4,118,39,79,15,299,130,43.47826086956522
panpek hana ševéŋkev,367,52,218,162,89,54.93827160493827,67,30,2,1,8,3,50,15,35,4,167,91,54.49101796407185
hig,344,41,167,146,69,47.26027397260274,40,11,1,0,16,1,56,24,32,4,146,69,47.26027397260274
son,620,33,312,273,155,56.776556776556774,0,0,2,2,20,3,86,25,61,11,252,156,61.904761904761905
Holy Yektonesia Player #8,567,80,280,221,139,62.89592760180995,0,0,2,2,9,8,104,32,72,10,255,160,62.745098039215684
luz,550,97,173,166,82,49.39759036144578,0,0,16,9,16,9,147,66,81,61,184,76,41.30434782608695
elp,371,33,103,137,41,29.927007299270077,0,0,58,21,15,3,68,29,39,12,162,77,47.53086419753087
yeb,0,0,0,0,0,0.0,0,0,0,0,0,0,0,0,0,0,0,0,0.0
Mónhin Nasa,323,8,173,126,67,53.17460317460318,45,21,12,10,9,2,65,33,32,17,134,73,54.47761194029851
Dotruga Falno players,Minutes,Assists,Points,Shots Taken,Shots Made,Field Goal Percentage,Threes Taken,Threes Made,Free Throws Taken,Free Throws Made,Turnovers,Steals,Rebounds,Offensive Rebounds,Defensive Rebounds,Fouls,Opponent Shots Against,Opponent Shots Made,Opponent Shot Percent
Osiei Bituna,694,59,280,278,140,50.35971223021583,0,0,2,0,27,5,196,82,114,70,255,99,38.82352941176471
Atakri Kalauni,3233,1555,1838,1385,764,55.162454873646205,407,162,0,0,92,28,528,193,335,223,1236,553,44.74110032362459
Bro McBeth,2,1,0,0,0,0.0,0,0,0,0,0,0,1,0,1,2,2,0,0.0
Lato Naixi,514,87,281,207,119,57.48792270531401,67,22,0,0,12,3,85,33,52,15,210,102,48.57142857142857
Kapel Hilo,134,18,58,50,27,54.0,0,0,6,4,2,2,18,4,14,8,45,23,51.11111111111111
Vanhik Slivókŕámhomhók,3544,415,1854,1463,781,53.383458646616546,454,150,2,2,100,38,333,90,243,99,1326,645,48.64253393665158
Danomobei Subeina,574,113,288,242,119,49.17355371900827,84,24,3,2,18,5,108,43,65,23,231,111,48.05194805194805
Blaxanon Bonits,674,131,266,258,131,50.775193798449614,0,0,16,4,10,11,34,5,29,59,262,107,40.839694656488554
Atobeino Tixom,110,19,46,53,23,43.39622641509434,0,0,0,0,2,2,14,6,8,0,49,22,44.89795918367347
Atumobei Tute,3463,518,1596,1373,788,57.392571012381644,0,0,24,20,126,32,1159,431,728,200,1202,548,45.59068219633943
Dylan Fowler,481,56,254,198,127,64.14141414141415,0,0,0,0,14,4,121,46,75,48,181,70,38.67403314917127
Paparto Subeina,3394,594,1691,1370,692,50.51094890510949,438,152,11,8,94,32,489,154,335,56,1357,631,46.49963154016212
Nobira Nariaki,171,45,54,55,27,49.09090909090909,0,0,0,0,5,2,31,18,13,16,69,30,43.47826086956522
Pakomha Nhoñsła,21,1,11,5,5,100.0,0,0,0,0,0,0,1,1,0,1,12,6,50.0
Gerard Holzer,3382,578,1194,1256,534,42.51592356687898,0,0,178,126,149,28,1358,491,867,149,1401,781,55.74589578872234
Ethanthova Ponies players,Minutes,Assists,Points,Shots Taken,Shots Made,Field Goal Percentage,Threes Taken,Threes Made,Free Throws Taken,Free Throws Made,Turnovers,Steals,Rebounds,Offensive Rebounds,Defensive Rebounds,Fouls,Opponent Shots Against,Opponent Shots Made,Opponent Shot Percent
Ethanthova Player #4,3097,485,1190,1178,589,50.0,0,0,24,12,121,24,1189,375,814,151,1174,588,50.08517887563884
Ethanthova Player #3,3083,314,1277,1299,635,48.883756735950726,0,0,28,7,124,24,1149,373,776,145,1120,596,53.214285714285715
Ethanthova Player #5,3269,1512,1612,1342,648,48.28614008941878,430,128,39,26,87,25,536,176,360,110,1212,602,49.66996699669967
Fihana Jo,3122,537,1602,1330,653,49.097744360902254,423,144,19,17,80,27,466,131,335,18,1196,650,54.347826086956516
Errol James,3312,580,1597,1458,731,50.13717421124828,170,55,31,24,98,30,570,183,387,48,1212,633,52.22772277227723
Ametsuchi Kamlyn,606,113,317,252,136,53.96825396825397,73,28,0,0,12,11,58,18,40,29,237,112,47.257383966244724
Center #101,934,51,341,372,165,44.354838709677416,0,0,36,11,25,9,175,43,132,83,313,121,38.65814696485623
Ethanthova Player #1,302,40,177,133,71,53.383458646616546,36,9,6,6,10,3,27,10,17,1,106,49,46.22641509433962
Ethanthova Player #2,719,124,402,337,164,48.6646884272997,103,35,4,4,25,9,106,24,82,19,264,129,48.86363636363637
Ethanthova Player #6,0,0,0,0,0,0.0,0,0,0,0,0,0,0,0,0,0,0,0,0.0
Ethanthova Player #7,326,26,147,153,64,41.830065359477125,0,0,22,19,10,3,63,16,47,1,118,77,65.2542372881356
Ethanthova Player #8,762,44,364,306,140,45.751633986928105,107,31,25,24,27,7,176,72,104,29,267,134,50.187265917603
Teyvada Khouphongsy,622,93,283,257,141,54.86381322957199,0,0,4,1,22,4,164,64,100,24,252,132,52.38095238095239
Till Hutto,0,0,0,0,0,0.0,0,0,0,0,0,0,0,0,0,0,0,0,0.0
Tsekon Lek'at,0,0,0,0,0,0.0,0,0,0,0,0,0,0,0,0,0,0,0,0.0
Faehrenfall Feathercats players,Minutes,Assists,Points,Shots Taken,Shots Made,Field Goal Percentage,Threes Taken,Threes Made,Free Throws Taken,Free Throws Made,Turnovers,Steals,Rebounds,Offensive Rebounds,Defensive Rebounds,Fouls,Opponent Shots Against,Opponent Shots Made,Opponent Shot Percent
Colin Hutchison,3290,156,1288,1284,634,49.37694704049844,0,0,42,20,155,25,1624,583,1041,183,1255,669,53.306772908366526
Fahrenfall Player #3,2871,311,1246,1118,609,54.47227191413238,0,0,40,28,91,30,459,130,329,160,1169,622,53.207869974337044
Alubembi Hadosa,3288,531,1270,1321,625,47.31264193792582,0,0,32,20,83,33,270,58,212,119,1262,602,47.70206022187005
Kamil Jones,3321,558,1616,1407,683,48.54299928926795,445,119,8,4,103,30,546,194,352,84,1374,692,50.36390101892285
Fahrenfall Player #1,2847,1319,1443,1155,601,52.03463203463203,354,113,4,4,76,27,322,94,228,69,1094,568,51.91956124314442
Adam Lettmann,686,173,255,241,110,45.643153526970956,32,10,21,15,17,5,64,19,45,8,257,120,46.69260700389105
Fahrenfall Player #11,0,0,0,0,0,0.0,0,0,0,0,0,0,0,0,0,0,0,0,0.0
Fahrenfall Player #2,78,9,50,33,20,60.60606060606061,13,3,0,0,3,0,9,5,4,3,38,22,57.89473684210527
Fahrenfall Player #4,5,0,3,4,1,25.0,0,0,0,0,0,0,1,0,1,0,2,1,50.0
Fahrenfall Player #5,751,106,280,276,140,50.72463768115942,0,0,0,0,26,16,164,51,113,68,243,102,41.9753086419753
Fahrenfall Player #6,522,108,164,162,64,39.50617283950617,66,17,9,5,24,2,85,28,57,6,219,102,46.57534246575342
Fahrenfall Player #7,655,131,210,206,87,42.23300970873786,40,12,23,14,20,4,100,37,63,12,302,153,50.66225165562914
Fahrenfall Player #8,761,61,379,321,188,58.56697819314641,0,0,6,3,19,15,34,4,30,77,322,128,39.75155279503105
Jote Ávura,13,2,6,7,3,42.857142857142854,0,0,0,0,0,0,1,0,1,1,2,2,100.0
Okasei Bexemetadotsei,1184,144,422,432,204,47.22222222222222,0,0,26,14,43,7,298,90,208,35,473,251,53.06553911205074
TND Tanks players,Minutes,Assists,Points,Shots Taken,Shots Made,Field Goal Percentage,Threes Taken,Threes Made,Free Throws Taken,Free Throws Made,Turnovers,Steals,Rebounds,Offensive Rebounds,Defensive Rebounds,Fouls,Opponent Shots Against,Opponent Shots Made,Opponent Shot Percent
TND Player #1,2874,443,724,891,317,35.57800224466891,0,0,196,90,81,19,585,165,420,215,1059,486,45.892351274787536
TND Player #7,2936,140,1213,1118,602,53.84615384615385,0,0,18,9,144,28,1123,365,758,147,1188,648,54.54545454545454
Phetdum Vatthana,3463,930,1722,1398,716,51.21602288984263,423,142,20,15,77,31,250,62,188,125,1439,736,51.14662960389159
TND Player #2,3357,453,1675,1395,679,48.67383512544803,448,151,40,34,100,31,437,129,308,71,1357,662,48.784082535003684
TND Player #3,2952,901,1372,1191,562,47.1872376154492,398,115,21,16,94,26,408,131,277,67,1218,623,51.14942528735632
Blanoxium Toxium,798,82,253,295,118,40.0,0,0,32,17,19,13,150,39,111,66,255,107,41.96078431372549
Brodie Cropper,0,0,0,0,0,0.0,0,0,0,0,0,0,0,0,0,0,0,0,0.0
Phetdum Phanivong,276,38,137,122,65,53.278688524590166,19,5,0,0,2,3,45,15,30,13,136,74,54.41176470588235
TND Player #10,589,26,247,265,112,42.26415094339623,0,0,28,23,22,5,90,25,65,25,223,117,52.46636771300448
TND Player #12,702,33,254,260,122,46.92307692307692,0,0,22,10,40,10,216,60,156,7,300,190,63.33333333333333
TND Player #13,17,1,0,5,0,0.0,0,0,0,0,1,0,3,2,1,1,4,2,50.0
TND Player #5,428,80,208,170,104,61.1764705882353,0,0,0,0,21,4,127,47,80,29,153,83,54.248366013071895
TND Player #6,433,80,185,162,76,46.913580246913575,46,13,7,6,10,2,41,11,30,1,184,107,58.152173913043484
TND Player #8,1115,164,568,440,227,51.590909090909086,135,51,15,14,22,13,104,24,80,28,497,255,51.30784708249497
TND Player #9,392,80,70,91,33,36.26373626373626,0,0,16,4,15,2,103,36,67,40,149,56,37.58389261744966
Aahrus Moosi players,Minutes,Assists,Points,Shots Taken,Shots Made,Field Goal Percentage,Threes Taken,Threes Made,Free Throws Taken,Free Throws Made,Turnovers,Steals,Rebounds,Offensive Rebounds,Defensive Rebounds,Fouls,Opponent Shots Against,Opponent Shots Made,Opponent Shot Percent
Aahrus Player #2,3135,355,960,1076,456,42.37918215613383,0,0,106,48,112,31,1110,349,761,136,1148,600,52.264808362369344
Dvinme Player #11,2857,337,1381,1269,678,53.42789598108747,0,0,42,25,94,26,562,154,408,132,1106,587,53.0741410488246
Aahrus Player #1,3427,1099,1386,1445,671,46.43598615916955,0,0,104,44,102,30,1030,326,704,117,1350,739,54.74074074074075
Xavier McSteve,2895,401,1822,1420,777,54.718309859154935,405,138,0,0,80,29,385,122,263,31,1110,607,54.68468468468468
Kardo Gasbërr,1725,425,998,781,414,53.00896286811779,228,75,4,3,48,9,155,36,119,29,647,340,52.55023183925811
Aahrus Player #10,315,60,178,154,73,47.4025974025974,43,5,2,2,3,3,16,3,13,5,140,88,62.857142857142854
Aahrus Player #4,534,78,235,221,95,42.98642533936652,63,12,11,10,19,4,81,20,61,7,186,99,53.2258064516129
Aahrus Player #5,318,31,182,130,78,60.0,43,21,0,0,13,11,71,22,49,18,89,42,47.19101123595505
Aahrus Player #6,239,29,86,82,42,51.21951219512195,0,0,6,2,7,4,39,9,30,13,79,37,46.835443037974684
azoik allúkoŋ peil,1043,210,369,324,166,51.23456790123457,59,21,2,1,33,8,133,36,97,24,368,173,47.01086956521739
Bá Noq,1255,562,280,352,134,38.06818181818182,0,0,32,12,33,9,164,48,116,31,472,246,52.118644067796616
Kersuvi Himei,669,117,282,285,138,48.421052631578945,0,0,10,6,27,6,206,64,142,37,235,110,46.808510638297875
Oisín Barnett,620,116,260,260,129,49.61538461538461,0,0,6,2,30,5,178,62,116,16,230,134,58.26086956521739
P'uyo Unup'a,568,53,305,309,148,47.896440129449836,0,0,14,9,14,2,198,59,139,24,222,135,60.810810810810814
Takishima Kazuko,613,89,343,258,143,55.42635658914728,79,34,3,3,24,2,106,32,74,17,232,100,43.103448275862064
Bongatar Banging Bongos players,Minutes,Assists,Points,Shots Taken,Shots Made,Field Goal Percentage,Threes Taken,Threes Made,Free Throws Taken,Free Throws Made,Turnovers,Steals,Rebounds,Offensive Rebounds,Defensive Rebounds,Fouls,Opponent Shots Against,Opponent Shots Made,Opponent Shot Percent
Bongatar Player #2,2831,165,1116,1052,546,51.90114068441065,0,0,44,24,89,42,472,112,360,273,1003,387,38.584247258225325
Bongatar Player #5,3360,349,1500,1288,749,58.152173913043484,0,0,4,2,123,23,988,288,700,132,1431,766,53.52900069881203
Bongatar Player #3,3157,815,1235,1206,576,47.76119402985074,0,0,110,83,74,28,112,16,96,48,1362,824,60.4992657856094
Miyoshi Masami,3134,539,1615,1298,663,51.078582434514644,377,121,25,21,93,27,416,147,269,77,1328,677,50.97891566265061
Fujikawa Masuhiro,3442,1312,1009,1093,481,44.00731930466606,0,0,74,47,91,37,661,274,387,101,1400,678,48.42857142857142
Blanox Farhje,258,37,146,119,63,52.94117647058824,43,13,0,0,9,5,27,10,17,6,100,49,49.0
Bongatar Player #1,557,88,253,213,95,44.60093896713615,75,25,16,16,11,7,93,38,55,9,224,106,47.32142857142857
Bongatar Player #4,0,0,0,0,0,0.0,0,0,0,0,0,0,0,0,0,0,0,0,0.0
Bongatar Player #6,663,72,347,302,145,48.01324503311258,95,25,7,4,24,5,87,30,57,5,264,150,56.81818181818182
Bongatar Player #7,863,38,398,341,199,58.35777126099707,0,0,4,0,18,4,185,60,125,51,366,192,52.459016393442624
Bongatar Player #8,695,33,364,307,182,59.28338762214984,0,0,0,0,24,7,131,33,98,17,306,195,63.725490196078425
Bongatar Player #9,898,179,436,342,186,54.385964912280706,96,27,0,0,19,8,50,11,39,16,388,221,56.95876288659794
Danombi Chejijar,361,70,100,103,48,46.601941747572816,0,0,6,4,14,13,131,47,84,30,105,25,23.809523809523807
Paxathipatai Menorath,56,9,25,20,9,45.0,8,4,0,0,0,0,1,0,1,0,21,13,61.904761904761905
Dvimne Spirits players,Minutes,Assists,Points,Shots Taken,Shots Made,Field Goal Percentage,Threes Taken,Threes Made,Free Throws Taken,Free Throws Made,Turnovers,Steals,Rebounds,Offensive Rebounds,Defensive Rebounds,Fouls,Opponent Shots Against,Opponent Shots Made,Opponent Shot Percent
vo,3061,677,1310,1126,647,57.46003552397868,0,0,26,16,93,57,719,281,438,277,1078,371,34.41558441558442
Height Sagua Player #1,3595,561,1859,1401,929,66.30977872947894,0,0,2,1,140,37,1474,646,828,129,1562,866,55.44174135723432
Dvinme Player #3,3030,1383,1452,1144,611,53.40909090909091,392,128,0,0,70,57,130,42,88,219,1236,538,43.52750809061489
kuŋevok eɰnak gevunáh,2954,487,1429,1158,605,52.245250431778935,353,104,2,2,79,31,399,168,231,112,1181,540,45.72396274343776
Aahrus Player #11,3383,533,1715,1313,731,55.67402894135567,383,127,0,0,94,49,409,162,247,174,1368,624,45.614035087719294
Dvinme Player #1,703,118,327,276,162,58.69565217391305,0,0,4,3,24,15,158,54,104,73,244,83,34.01639344262295
Benben,696,153,342,242,144,59.50413223140496,75,26,0,0,18,3,103,37,66,26,298,139,46.644295302013425
Dvinme Player #2,484,82,246,192,123,64.0625,0,0,0,0,13,7,116,55,61,24,175,80,45.714285714285715
Dvinme Player #4,1125,200,530,407,224,55.03685503685504,126,49,0,0,26,16,117,38,79,38,484,231,47.72727272727273
Dvinme Player #5,308,41,117,117,56,47.863247863247864,0,0,8,5,7,0,82,33,49,28,121,58,47.93388429752066
Dvinme Player #6,9,2,8,6,4,66.66666666666666,0,0,0,0,0,0,0,0,0,1,4,1,25.0
Dvinme Player #8,7,2,5,6,2,33.33333333333333,0,0,2,1,1,0,2,0,2,0,3,2,66.66666666666666
Pxalit'k'a Player #5,1039,188,444,371,222,59.83827493261455,0,0,0,0,21,7,150,60,90,69,489,245,50.10224948875256
Holy Yektonisa Bishops players,Minutes,Assists,Points,Shots Taken,Shots Made,Field Goal Percentage,Threes Taken,Threes Made,Free Throws Taken,Free Throws Made,Turnovers,Steals,Rebounds,Offensive Rebounds,Defensive Rebounds,Fouls,Opponent Shots Against,Opponent Shots Made,Opponent Shot Percent
Shitt Hessar,2776,279,847,953,397,41.65792235047219,0,0,130,53,91,30,1314,427,887,230,926,376,40.60475161987041
Eban Korsobo,2335,209,975,934,479,51.2847965738758,0,0,38,17,101,26,380,103,277,111,916,499,54.47598253275109
apseŋ kép tónaqig,3369,485,1118,1218,555,45.566502463054185,0,0,20,8,90,31,331,102,229,161,1361,695,51.06539309331374
Omumiba Ektxr,3152,677,1388,1253,636,50.75818036711891,159,56,25,15,82,22,418,137,281,38,1339,704,52.576549663928304
Hivek Ekxtr,2641,1286,1502,1120,633,56.51785714285714,309,100,1,1,64,31,273,77,196,80,1057,506,47.87133396404919
Ailiqaeu Okohae,563,105,166,218,57,26.146788990825687,0,0,72,52,11,6,52,15,37,36,236,116,49.152542372881356
Boltway Player #4,20,0,10,11,5,45.45454545454545,0,0,0,0,0,0,2,0,2,1,5,5,100.0
Dano Subeina,1215,161,736,542,306,56.457564575645755,185,63,3,2,47,7,194,63,131,19,480,236,49.166666666666664
Holy Yektonesia Player #1,1255,69,428,477,187,39.20335429769392,0,0,94,54,54,18,370,145,225,72,486,232,47.73662551440329
Holy Yektonesia Player #2,1710,140,761,699,378,54.077253218884124,0,0,8,5,69,10,495,174,321,93,709,343,48.37799717912553
Holy Yektonesia Player #3,340,66,187,146,76,52.054794520547944,57,26,0,0,10,7,33,7,26,19,153,73,47.712418300653596
Holy Yektonesia Player #6,556,87,301,241,123,51.037344398340245,78,23,6,4,13,4,56,10,46,1,276,139,50.36231884057971
Holy Yektonesia Player #7,4,3,4,3,2,66.66666666666666,0,0,0,0,0,0,0,0,0,0,0,0,0.0
Sagua Player #8,278,21,116,108,58,53.70370370370371,0,0,0,0,11,13,59,33,26,17,91,37,40.65934065934066
Stephen McBob,0,0,0,0,0,0.0,0,0,0,0,0,0,0,0,0,0,0,0,0.0
Holykol Bears players,Minutes,Assists,Points,Shots Taken,Shots Made,Field Goal Percentage,Threes Taken,Threes Made,Free Throws Taken,Free Throws Made,Turnovers,Steals,Rebounds,Offensive Rebounds,Defensive Rebounds,Fouls,Opponent Shots Against,Opponent Shots Made,Opponent Shot Percent
Ikaika Savang,3216,479,1112,1169,539,46.10778443113773,0,0,94,34,111,30,1144,362,782,127,1238,665,53.7156704361874
Konala Somphousiharath,3484,480,1704,1469,852,57.99863852961198,0,0,2,0,111,28,946,304,642,161,1359,690,50.77262693156733
Jesse Svensson,3463,935,1560,1423,777,54.60295151089248,0,0,14,6,85,44,493,185,308,91,1344,741,55.13392857142857
la,3149,745,1737,1327,727,54.785229841748304,383,137,2,1,86,29,341,93,248,28,1240,659,53.145161290322584
hex,3393,1048,1671,1336,688,51.49700598802395,428,135,9,7,87,31,463,143,320,65,1281,642,50.11709601873536
Alwin Gradl,930,170,507,362,213,58.83977900552486,101,44,0,0,31,8,159,60,99,16,373,181,48.525469168900806
dot,575,92,251,232,120,51.724137931034484,0,0,18,11,17,3,168,61,107,29,215,104,48.372093023255815
hax,369,59,228,168,93,55.35714285714286,54,23,0,0,4,1,20,3,17,16,140,64,45.714285714285715
kol,0,0,0,0,0,0.0,0,0,0,0,0,0,0,0,0,0,0,0,0.0
Kudapa Kaxpa,770,105,374,332,183,55.12048192771084,0,0,8,8,23,4,257,104,153,42,331,176,53.17220543806647
mus,92,6,33,33,12,36.36363636363637,0,0,12,9,4,2,22,5,17,9,35,13,37.142857142857146
quj,686,141,347,307,138,44.951140065146575,116,39,7,7,21,9,115,39,76,3,273,135,49.45054945054945
si,19,4,2,4,1,25.0,0,0,0,0,0,0,6,2,4,2,8,2,25.0
Tsekon Wap't'ebw,247,22,114,99,57,57.57575757575758,0,0,0,0,10,5,43,13,30,7,83,41,49.39759036144578
xek,0,0,0,0,0,0.0,0,0,0,0,0,0,0,0,0,0,0,0,0.0
Lyintaria Lynx players,Minutes,Assists,Points,Shots Taken,Shots Made,Field Goal Percentage,Threes Taken,Threes Made,Free Throws Taken,Free Throws Made,Turnovers,Steals,Rebounds,Offensive Rebounds,Defensive Rebounds,Fouls,Opponent Shots Against,Opponent Shots Made,Opponent Shot Percent
Lyintaria Player #4,2759,201,982,1003,474,47.25822532402791,0,0,98,34,92,22,585,161,424,177,1052,556,52.851711026615966
Aseqa Tituqu,3162,287,1380,1287,681,52.91375291375291,0,0,36,18,127,27,1047,288,759,58,1395,865,62.00716845878136
Lyintaria Player #1,2912,912,1488,1194,627,52.51256281407035,362,116,9,9,69,27,183,32,151,91,1226,650,53.01794453507341
Waltoko,3131,962,1561,1301,634,48.73174481168332,388,124,39,35,93,30,445,157,288,63,1325,660,49.81132075471698
Phetdum Vongsay,2939,479,1391,1138,559,49.12126537785589,380,127,32,26,72,28,217,49,168,38,1195,614,51.38075313807532
Kai Thammavong,1099,175,290,358,138,38.547486033519554,0,0,30,14,28,8,196,65,131,32,433,224,51.73210161662818
Lyintaria Player #10,1131,139,329,372,145,38.97849462365591,0,0,58,39,30,27,136,46,90,77,424,184,43.39622641509434
Lyintaria Player #11,618,74,233,253,94,37.15415019762846,29,5,34,26,18,5,59,13,46,16,229,107,46.724890829694324
Lyintaria Player #13,830,35,232,264,111,42.04545454545455,0,0,20,10,35,25,163,41,122,70,255,83,32.549019607843135
Lyintaria Player #2,881,118,271,300,131,43.666666666666664,0,0,22,9,23,8,229,78,151,64,353,181,51.27478753541076
Lyintaria Player #3,294,48,154,137,62,45.25547445255474,57,20,7,6,11,5,26,5,21,10,119,53,44.537815126050425
Lyintaria Player #6,0,0,0,0,0,0.0,0,0,0,0,0,0,0,0,0,0,0,0,0.0
Lyintaria Player #7,0,0,0,0,0,0.0,0,0,0,0,0,0,0,0,0,0,0,0,0.0
Lyintaria Player #8,453,23,142,166,69,41.566265060240966,0,0,8,4,23,2,210,68,142,39,153,56,36.60130718954248
Lyintaria Player #9,5,3,0,0,0,0.0,0,0,0,0,1,0,0,0,0,0,3,1,33.33333333333333
Pyxanovia Pixies players,Minutes,Assists,Points,Shots Taken,Shots Made,Field Goal Percentage,Threes Taken,Threes Made,Free Throws Taken,Free Throws Made,Turnovers,Steals,Rebounds,Offensive Rebounds,Defensive Rebounds,Fouls,Opponent Shots Against,Opponent Shots Made,Opponent Shot Percent
Pyxanovia Player #1,3004,171,1216,1151,587,50.99913119026933,0,0,78,42,105,27,685,209,476,216,1105,533,48.23529411764706
Pyxanovia Player #5,3553,510,1677,1409,836,59.33286018452804,0,0,6,5,103,36,742,220,522,133,1399,777,55.53967119370979
Pyxanovia Player #4,3360,503,1755,1460,724,49.589041095890416,457,137,38,33,109,34,1163,399,764,51,1295,732,56.52509652509653
voput epoikez tapnatiš,3182,1538,1666,1264,693,54.82594936708861,393,149,5,5,95,53,377,106,271,66,1207,591,48.96437448218724
Pyxanovia Player #2,3148,653,1496,1280,587,45.859375,433,129,83,71,80,32,403,124,279,60,1184,628,53.04054054054054
Autolik Player #2,308,46,174,145,67,46.206896551724135,41,8,14,14,8,0,47,10,37,8,137,60,43.79562043795621
Handa Senichi,576,103,290,235,111,47.23404255319149,97,33,20,16,17,4,78,20,58,24,196,92,46.93877551020408
Hiroshima Shusui,707,99,336,296,168,56.75675675675676,0,0,0,0,20,6,90,32,58,17,290,156,53.79310344827586
Ixux Naixi,321,57,146,115,60,52.17391304347826,38,16,1,1,10,3,60,19,41,4,125,65,52.0
Nathaniel Starks,0,0,0,0,0,0.0,0,0,0,0,0,0,0,0,0,0,0,0,0.0
Pyxanovia Player #13,502,35,202,195,101,51.7948717948718,0,0,2,0,11,7,69,17,52,5,202,115,56.930693069306926
Pyxanovia Player #6,11,1,6,5,3,60.0,0,0,0,0,1,0,0,0,0,0,4,2,50.0
Pyxanovia Player #7,598,116,229,207,93,44.927536231884055,81,22,7,5,15,7,76,25,51,13,230,114,49.56521739130435
Pyxanovia Player #8,1050,107,361,422,155,36.72985781990521,0,0,72,51,37,13,299,96,203,66,385,173,44.935064935064936
Pyxanovia Player #9,13,1,9,6,4,66.66666666666666,0,0,2,1,0,1,2,0,2,1,4,3,75.0
Transhimalia Disasters players,Minutes,Assists,Points,Shots Taken,Shots Made,Field Goal Percentage,Threes Taken,Threes Made,Free Throws Taken,Free Throws Made,Turnovers,Steals,Rebounds,Offensive Rebounds,Defensive Rebounds,Fouls,Opponent Shots Against,Opponent Shots Made,Opponent Shot Percent
Transhilmalia Player #6,2799,405,849,950,395,41.578947368421055,0,0,122,59,92,34,776,174,602,214,957,419,43.78265412748171
Transhilmalia Player #11,3150,337,1362,1330,680,51.127819548872175,0,0,6,2,103,31,415,85,330,101,1323,766,57.89871504157218
Transhilmalia Player #5,3302,410,1399,1232,492,39.935064935064936,418,118,208,186,96,37,609,169,440,160,1413,726,51.38004246284501
Transhilmalia Player #3,1897,497,818,770,348,45.19480519480519,225,49,13,8,57,19,238,71,167,10,803,440,54.794520547945204
Transhilmalia Player #2,3530,1001,1675,1331,680,51.089406461307284,404,132,24,21,108,29,519,157,362,61,1390,704,50.64748201438849
Akamu Tayvyihane,250,36,107,105,50,47.61904761904761,0,0,14,7,9,3,66,20,46,11,108,63,58.333333333333336
Ingo Gradl,1253,134,429,492,186,37.80487804878049,0,0,94,57,56,15,254,55,199,51,515,271,52.62135922330097
Klabo Bexoxek,0,0,0,0,0,0.0,0,0,0,0,0,0,0,0,0,0,0,0,0.0
Leilani Phommathep,8,1,6,5,2,40.0,2,0,1,1,1,0,3,1,2,0,1,1,100.0
Transhilmalia Player #1,14,2,9,6,4,66.66666666666666,0,0,2,1,0,2,3,1,2,0,7,7,100.0
Transhilmalia Player #10,537,93,254,208,98,47.11538461538461,60,18,15,13,15,5,88,23,65,6,201,108,53.73134328358209
Transhilmalia Player #12,1136,205,444,392,152,38.775510204081634,145,41,73,59,32,12,144,40,104,36,510,278,54.509803921568626
Transhilmalia Player #4,757,39,314,317,103,32.49211356466877,51,13,93,85,26,6,179,63,116,73,280,123,43.92857142857143
Transhilmalia Player #7,1033,163,461,375,178,47.46666666666667,132,48,13,11,30,12,109,28,81,24,427,232,54.332552693208434
Transhilmalia Player #8,666,45,330,283,164,57.95053003533569,0,0,4,2,33,3,110,25,85,16,283,178,62.89752650176679
